{"cameraMode":{"drawMode":0,"name":"Shaded","section":"Shading Mode"},"sceneLighting":false,"audioPlay":false,"sceneViewState":{"m_AlwaysRefresh":false,"showFog":true,"showSkybox":false,"showFlares":true,"showImageEffects":true,"showParticleSystems":true,"showVisualEffectGraphs":true,"m_FxEnabled":true},"in2DMode":false,"pivot":{"x":-0.20909231901168824,"y":-0.3255096971988678,"z":-5.480936050415039},"rotation":{"x":0.0012935771374031902,"y":-0.9994907975196838,"z":0.0287821963429451,"w":0.017156530171632768},"size":3.8638107776641847,"orthographic":false}